"9","Danone","BN.PA","42348126849","65.7482","France"
"58","Sodexo","SW.PA","8940128724","61.3239","France"
"102","L.D.C. S.A.","LOUP.PA","3941801981","112.007","France"
"120","Unibel S.A.","UNBL.PA","2915692559","1370.66","France"
"216","Savencia Fromage &amp; Dairy","SAVE.PA","809152139","62.724","France"
"252","Elior Group","ELIOR.PA","493210731","1.96461","France"
"291","Bonduelle","BON.PA","280661944","8.79256","France"
"323","Fleury Michon","ALFLE.PA","101777826","24.6416","France"
"335","Smart Good Things Holding","MLSGT.PA","69706554","3.24751","France"
"336","Omer-Decugis & Cie","ALODC.PA","69427094","8.17652","France"
"343","Poulaillon","ALPOU.PA","53432539","10.4542","France"
