"3","Unilever","UL","129169268736","59.98","United Kingdom"
"6","Compass Group","CPG.L","50380500992","29.63","United Kingdom"
"32","Associated British Foods","ABF.L","16726505919","23.9525","United Kingdom"
"104","Cranswick","CWK.L","3505801593","65.5172","United Kingdom"
"109","Tate &amp; Lyle","TATE.L","3274073347","7.39796","United Kingdom"
"121","Ocado","OCDO.L","2840611188","3.39552","United Kingdom"
"125","Greggs","GRG.L","2717757830","26.6564","United Kingdom"
"140","Mitchells &amp; Butlers plc","MAB.L","2312811124","3.89401","United Kingdom"
"147","Premier Foods","PFD.L","2124188119","2.46863","United Kingdom"
"154","SSP Group","SSPG.L","1862430165","2.47921","United Kingdom"
"167","Nomad Foods","NOMD","1494367488","10.69","United Kingdom"
"201","Princes Group plc","PRN.L","1049942615","4.29068","United Kingdom"
"213","Hilton Food Group plc","HFG.L","826656675","9.1896","United Kingdom"
"323","Cake Box Holdings","CBOX.L","101812794","2.31393","United Kingdom"
"361","Real Good Food plc","RGF","19309624","1.25","United Kingdom"
