"Rank","Name","Symbol","marketcap","price (USD)","country"
"1","Nestlé","NESN.SW","233529105995","90.7889","Switzerland"
"2","McDonald","MCD","163380281344","230.88","United States"
"3","Unilever","UL","131322814464","60.98","United Kingdom"
"4","DoorDash","DASH","82863906816","191.24","United States"
"5","Mondelez International","MDLZ","76223127552","59.38","United States"
"6","Compass Group","CPG.L","51859779584","30.5","United Kingdom"
"7","Hindustan Unilever","HINDUNILVR.NS","45257862395","19.262","India"
"8","Danone","BN.PA","42443866908","65.8969","France"
"9","JBS N.V.","JBS","40261812224","12.24","Brazil"
"10","Archer Daniels Midland (ADM)","ADM","39202340864","81.34","United States"
"11","Chipotle Mexican Grill","CMG","38936911872","30.77","United States"
"12","Yum! Brands","YUM","38301667328","140.35","United States"
"13","Sysco","SYY","37774073856","76.79","United States"
"14","Muyuan Foods","002714.SZ","36054300153","6.24534","China"
"15","The Hershey Company","HSY","32216420352","160.34","United States"
"16","Ajinomoto","2802.T","32033659542","33.6221","Japan"
"17","Restaurant Brands International","QSR","31806644224","69.43","Canada"
"18","Ahold Delhaize","AD.AS","31247765701","35.7623","Netherlands"
"19","Eternal (Zomato)","ETERNAL.NS","31065229084","3.37468","India"
"20","Foshan Haitian Flavouring and Food","603288.SS","29477137818","5.04402","China"
"21","DSM-Firmenich","DSFIR.AS","27435850018","112.276","Switzerland"
"22","Nestlé India","NESTLEIND.NS","26591803366","13.7902","India"
"23","George Weston","WN.TO","26390593172","70.5065","Canada"
"24","Kraft Heinz","KHC","26064404480","21.98","United States"
"25","Darden Restaurants","DRI","22797228032","201.49","United States"
"26","Chocoladefabriken Lindt &amp; Sprüngli","LISP.SW","20871542557","9137.77","Switzerland"
"27","US Foods","USFD","20778565632","96.05","United States"
"28","Bunge Global SA","BG","20270489600","105.51","United States"
"29","Tyson Foods","TSN","18188138496","51.7","United States"
"30","Wilmar International","F34.SI","17426500466","2.79083","Singapore"
"31","General Mills","GIS","16987010048","31.77","United States"
"32","Associated British Foods","ABF.L","16865387957","24.1513","United Kingdom"
"33","Kerry Group","KRZ.IR","15572348789","97.9821","Ireland"
"34","Performance Food Group","PFGC","14683133952","93.48","United States"
"35","Aramark","ARMK","14610099200","55.42","United States"
"36","Kirin Holdings","2503.T","13798260164","17.413","Japan"
"37","Yum China","YUMC","13734168576","40.65","China"
"38","Uni-President Enterprises","1216.TW","13571919095","2.38857","Taiwan"
"39","Grupo Bimbo","BIMBOA.MX","13298188301","3.09528","Mexico"
"40","Grab Holdings","GRAB","12601209856","3.08","Singapore"
"41","Delivery Hero","DHER.F","12563781752","40.9978","Germany"
"42","J.M. Smucker Company","SJM","12384011264","115.93","United States"
"43","McCormick & Company","MKC","12175167488","45.25","United States"
"44","Almarai","2280.SR","11989004060","12.0615","Saudi Arabia"
"45","Mowi","MNHVF","11582603264","21.91","Norway"
"46","Lotus Bakeries","LOTB.BR","11337539482","13946.2","Belgium"
"47","Zensho Holdings","7550.T","11178492125","71.4453","Japan"
"48","Hormel Foods","HRL","10759357440","19.55","United States"
"49","WH Group","0288.HK","10734224969","0.836636","Hong Kong"
"50","Saputo","SAP.TO","10724159904","27.017","Canada"
"51","Texas Roadhouse","TXRH","10665337856","162.48","United States"
"52","Guangdong HAID Group","002311.SZ","10390624399","6.27071","China"
"53","The Magnum Ice Cream Company","MICC","10241728512","16.96","Netherlands"
"54","Kikkoman","2801.T","10143742358","10.9338","Japan"
"55","Domino's Pizza","DPZ","10027074560","303.1","United States"
"56","Darling Ingredients","DAR","9471331328","60.02","United States"
"57","Sodexo","SW.PA","8931803069","61.2668","France"
"58","Bid Corp","BID.JO","8816101200","26.3762","South Africa"
"59","Tingyi (master kang)","0322.HK","8721644568","1.54711","China"
"60","Mengniu Dairy","2319.HK","8517420322","2.20597","China"
"61","SalMar ASA","SALM.OL","7861373034","58.0012","Norway"
"62","Food &amp; Life Companies","3563.T","7770881826","34.1924","Japan"
"63","Brinker International","EAT","7761016320","185.31","United States"
"64","Empire Company","EMP-A.TO","7669402139","34.2851","Canada"
"65","Smithfield Foods","SFD","7284697088","18.5","United States"
"66","Meiji Holdings","2269.T","7168660596","26.4364","Japan"
"67","Barry Callebaut","BARN.SW","6903937184","1259.22","Switzerland"
"68","Fonterra","FCG.NZ","6845518929","2.86019","New Zealand"
"69","Pilgrim's Pride","PPC","6695611904","28.12","United States"
"70","Samyang Foods","003230.KS","6629447527","880.053","South Korea"
"71","Lamb Weston","LW","6611565056","48.09","United States"
"72","Swiggy","SWIGGY.NS","6577761277","2.51059","India"
"73","McDonald's Japan","2702.T","6428333003","48.3484","Japan"
"74","Hai Di Lao Hot Pot","6862.HK","6380366287","1.17817","China"
"75","Conagra Brands","CAG","6325702656","13.25","United States"
"76","Sprouts Farmers Market","SFM","6085340160","65.26","United States"
"77","CAVA Group","CAVA","6082098688","52.07","United States"
"78","Toyo Suisan","2875.T","6029388276","63.4612","Japan"
"79","Ingredion","INGR","5943780352","94.25","United States"
"80","Campbell's","CPB","5636635648","18.9","United States"
"81","Americana Restaurants International","AMR.AE","5619425181","0.67","United Arab Emirates"
"82","Emmi AG","EMMN.SW","5399563016","1009.3","Switzerland"
"83","The Cheesecake Factory","CAKE","5323889664","106.99","United States"
"84","Balchem","BCPC","5304821248","166.41","United States"
"85","Glanbia plc","GL9.IR","5215870738","21.5807","Ireland"
"86","Nissin Foods","2897.T","5204094737","18.1291","Japan"
"87","Nestle Malaysia","4707.KL","5162100890","22.0132","Malaysia"
"88","Marfrig Global Foods","MBRF3.SA","5156218829","3.70726","Brazil"
"89","Charoen Pokphand Foods","CPF.BK","4852875905","0.63114","Thailand"
"90","AAK","AAK.ST","4811020285","18.5283","Sweden"
"91","Skylark Holdings","3197.T","4650379025","20.4483","Japan"
"92","Yamazaki Baking Co., Ltd.","2212.T","4545405897","23.0843","Japan"
"93","Chefs' Warehouse","CHEF","4528773120","111.01","United States"
"94","Gruma (Maseca)","GRUMAB.MX","4432974250","13.2119","Mexico"
"95","Indofood CBP","ICBP.JK","4420107964","0.379021","Indonesia"
"96","SATS","S58.SI","4322632004","2.90809","Singapore"
"97","Strauss Group","STRS.TA","4208026073","35.909","Israel"
"98","Kobe Bussan","3038.T","4148695356","18.7025","Japan"
"99","L.D.C. S.A.","LOUP.PA","4063697131","115.471","France"
"100","Want Want China","0151.HK","4056689233","0.347908","Hong Kong"
"101","Patanjali Foods","PATANJALI.NS","3996200695","3.67339","India"
"102","Jersey Mike's Subs","JMKE","3825514496","16.39","United States"
"103","Kewpie Corporation","2809.T","3708054811","27.4122","Japan"
"104","Cranswick","CWK.L","3515531403","65.699","United Kingdom"
"105","NH Foods (Nipponham)","2282.T","3494607777","12.7239","Japan"
"106","Indofood","INDF.JK","3438488542","0.391608","Indonesia"
"107","Unilever Indonesia","UNVR.JK","3399718860","0.0895105","Indonesia"
"108","The a2 Milk Company","A2M.AX","3323181981","4.56446","New Zealand"
"109","Nichirei Corporation","2871.T","3299876830","13.1643","Japan"
"110","Tate &amp; Lyle","TATE.L","3276176404","7.40271","United Kingdom"
"111","Post Holdings","POST","3188626688","72.54","United States"
"112","Wingstop Restaurants","WING","3178660352","116.68","United States"
"113","Ocado","OCDO.L","3169449836","3.7886","United Kingdom"
"114","PPB Group Berhad","4065.KL","3167497200","2.22875","Malaysia"
"115","Ebro Foods","EBRO.MC","3129056075","20.3363","Spain"
"116","ORION","271560.KS","3106335735","78.5841","South Korea"
"117","Freshpet","FRPT","3039673088","63.25","United States"
"118","(DIA) Distribuidora Internacional de Alimentación","DIA.MC","3034952543","52.6906","Spain"
"119","Jubilant FoodWorks","JUBLFOOD.NS","2987915619","4.54315","India"
"120","Cal-Maine Foods","CALM","2928755456","62.7","United States"
"121","Unibel S.A.","UNBL.PA","2915692559","1370.66","France"
"122","Südzucker","SZU.F","2820110001","13.8117","Germany"
"123","Greggs","GRG.L","2800636120","27.4693","United Kingdom"
"124","Tootsie Roll Industries","TR","2774268416","36.91","United States"
"125","Olam","VC2.SI","2772599456","0.73484","Singapore"
"126","Shake Shack","SHAK","2748974336","64.17","United States"
"127","The Marzetti Company","MZTI","2740835072","100.43","United States"
"128","Charoen Pokphand Indonesia","CPIN.JK","2706243313","0.165035","Indonesia"
"129","Bakkafrost","BAKKA.OL","2678609753","45.2294","Denmark"
"130","Jollibee","JBFCF","2667267840","2.38","Philippines"
"131","Hatsun Agro Products","HATSUN.NS","2624860911","11.784","India"
"132","Leroy Seafood","LSG.OL","2587414345","4.34512","Norway"
"133","Premium Brands","PBH.TO","2566983662","49.3756","Canada"
"134","AWL Agri Business","AWL.NS","2470142100","1.91214","India"
"135","Kotobuki Spirits","2222.T","2445477614","15.8352","Japan"
"136","DO &amp; CO Aktiengesellschaft","DOC.VI","2378928307","216.592","Austria"
"137","Fuji Oil Holdings","2607.T","2355878638","27.3995","Japan"
"138","TORIDOLL Holdings Corporation","3397.T","2354667070","26.7785","Japan"
"139","Calbee, Inc.","2229.T","2333708906","19.1936","Japan"
"140","Mitchells &amp; Butlers plc","MAB.L","2257270792","3.8005","United Kingdom"
"141","create restaurants holdings","3387.T","2231956661","4.94889","Japan"
"142","CJ Cheiljedang Corporation","097950.KS","2214027123","138.176","South Korea"
"143","Tiger Brands","TBS.JO","2210355100","15.1197","South Africa"
"144","B.F. S.p.A.","BFG.MI","2195470445","8.38565","Italy"
"145","Premier Foods","PFD.L","2156641516","2.50635","United Kingdom"
"146","Maple Leaf Foods","MFI.TO","2143969440","17.1882","Canada"
"147","Morinaga Milk Industry","2264.T","2136450172","6.61859","Japan"
"148","Nissui Corporation","1332.T","2070649435","6.8277","Japan"
"149","Saizeriya","7581.T","2063978021","42.0117","Japan"
"150","Savola Group","2050.SR","1953591389","6.5848","Saudi Arabia"
"151","Universal Robina Corporation","UVRBF","1907891072","0.9","Philippines"
"152","SSP Group","SSPG.L","1894396331","2.52485","United Kingdom"
"153","Ezaki Glico Co., Ltd.","2206.T","1886101894","31.7274","Japan"
"154","Guzman y Gomez","GYG.AX","1862100189","18.669","Australia"
"155","Bell Food Group","BELL.SW","1822250365","290.775","Switzerland"
"156","Migros Ticaret A.S.","MGROS.IS","1805730856","10.1393","Turkey"
"157","Sildarvinnslan","SVN.IC","1775713830","0.962013","Iceland"
"158","Fine Organics","FINEORG.NS","1761324537","57.447","India"
"159","Nongshim","004370.KS","1736183642","297.588","South Korea"
"160","Austevoll Seafood","AUSS.OL","1714210988","8.49359","Norway"
"161","Mayora","MYOR.JK","1700521602","0.0772028","Indonesia"
"162","AVI Limited","AVI.JO","1686690400","5.05476","South Africa"
"163","Arcos Dorados Holdings","ARCO","1664238208","7.9","Uruguay"
"164","Devyani International","DEVYANI.NS","1613462621","1.30863","India"
"165","Saudia Dairy &amp; Foodstuff Company","2270.SR","1574101624","49.2528","Saudi Arabia"
"166","Nomad Foods","NOMD","1537702912","11","United Kingdom"
"167","Kagome Co., Ltd.","2811.T","1524157869","16.8586","Japan"
"168","Yoshinoya Holdings Co., Ltd.","9861.T","1519592736","23.7179","Japan"
"169","J&amp;J Snack Foods","JJSF","1482012032","79.33","United States"
"170","Thai Union Group","TU.BK","1446090538","0.375112","Thailand"
"171","Domino's Pizza Enterprises (Australia)","DMP.AX","1445302380","15.2544","Australia"
"172","Brim hf.","BRIM.IC","1440681110","0.748232","Iceland"
"173","Corbion","CRBN.AS","1429662677","24.7982","Netherlands"
"174","Cloetta","CLA-B.ST","1416863630","4.92818","Sweden"
"175","Fresh Del Monte Produce","FDP","1390188416","29.22","Cayman Islands"
"176","Colowide","7616.T","1364751466","12.838","Japan"
"177","Bega Cheese","BGA.AX","1358623720","4.44251","Australia"
"178","The Monogatari Corporation","3097.T","1321273802","34.4078","Japan"
"179","East India Distilleries Parry","EIDPARRY.NS","1275579072","7.16796","India"
"180","Utz Brands","UTZ","1266282880","14.29","United States"
"181","BJ's Restaurants","BJRI","1261959680","59.32","United States"
"182","Morinaga &amp; Company","2201.T","1255709877","14.9544","Japan"
"183","Flowers Foods","FLO","1238415360","5.84","United States"
"184","Kri-Kri Milk Industry","KRI.AT","1226516493","37.1637","Greece"
"185","Dole PLC","DOLE","1209072768","12.8","Ireland"
"186","Mezzan Holding Company","MEZZAN.KW","1184423400","3810.45","Kuwait"
"187","Italmobiliare","ITM.MI","1180261571","28.083","Italy"
"188","Biglari","BH","1174753920","368.9","United States"
"189","Wendy’s","WEN","1164993280","6.11","United States"
"190","Seneca Foods","SENEA","1161878144","171.61","United States"
"191","ARYZTA AG","ARYN.SW","1155834861","46.56","Switzerland"
"192","Nestle Pakistan","NESTLE.PK","1151025468","25.3812","Pakistan"
"193","Umios (Maruha Nichiro Corporation)","1333.T","1140487211","7.54374","Japan"
"194","Aker BioMarine","AKBM.OL","1119466776","12.7613","Norway"
"195","Lassonde Industries","LAS-A.TO","1105270826","162.025","Canada"
"196","Scandi Standard AB","SCST.ST","1101745255","16.0532","Sweden"
"197","Mission Produce","AVO","1096856832","12.51","United States"
"198","The National Agricultural Development Company","6010.SR","1091949458","3.62004","Saudi Arabia"
"199","Sweetgreen","SG","1090418432","9.16","United States"
"200","Saudi Fisheries Company","6050.SR","1068047033","14.6773","Saudi Arabia"
"201","Princes Group plc","PRN.L","1052913735","4.30282","United Kingdom"
"202","Ichibanya Co., Ltd.","7630.T","1041697859","6.52671","Japan"
"203","ARIAKE JAPAN","2815.T","1010795177","32.2534","Japan"
"204","ITOCHU-SHOKUHIN","2692.T","1010529522","79.6514","Japan"
"205","Ohsho Food Service","9936.T","961995125","18.3128","Japan"
"206","Cobram Estate Olives","CBO.AX","930890250","1.94425","Australia"
"207","Almunajem Foods Company","4162.SR","916597815","15.2766","Saudi Arabia"
"208","Minerva S.A.","BEEF3.SA","912690205","0.920313","Brazil"
"209","Simply Good Foods","SMPL","874683584","9.89","United States"
"210","Kura Sushi,Inc.","2695.T","843653578","10.6138","Japan"
"211","Hilton Food Group plc","HFG.L","841907807","9.35914","United Kingdom"
"212","Zad Holding Company","ZHCD.QA","837777136","2.91484","Qatar"
"213","NewPrinces S.p.A.","NWL.MI","828145991","19.8767","Italy"
"214","Royal holdings","8179.T","806075226","8.18057","Japan"
"215","KOMEDA Holdings","3543.T","804581789","17.6792","Japan"
"216","Ottogi","007310.KS","803629110","233.659","South Korea"
"217","Agrana","AGR.VI","802128628","12.8363","Austria"
"218","Savencia Fromage &amp; Dairy","SAVE.PA","798308072","61.8834","France"
"219","FRoSTA AG","NLM.F","793713418","116.592","Germany"
"220","Showa Sangyo","2004.T","766022087","23.5722","Japan"
"221","Baladna","BLDN.QA","753442229","0.336813","Qatar"
"222","First Milling Company","2283.SR","748062110","13.4786","Saudi Arabia"
"223","Agthia Group","AGTHIA.AE","730989943","0.88","United Arab Emirates"
"224","Prima Meat Packers","2281.T","723934768","14.4031","Japan"
"225","Südwestdeutsche Salzwerke","SSH.F","718562208","68.3856","Germany"
"226","Bloomin' Brands","BLMN","699522944","8.17","United States"
"227","Once Upon A Farm","OFRM","696624896","16.59","United States"
"228","Natural Grocers by Vitamin Cottage","NGVC","692297408","30.04","United States"
"229","Yokorei Co.,Ltd.","2874.T","679271387","11.4756","Japan"
"230","Super Hi International","9658.HK","677075681","1.15077","Singapore"
"231","Collins Foods Limited","CKF.AX","675153242","5.70035","Australia"
"232","Ridley Corporation","RIC.AX","659584740","1.75958","Australia"
"233","Jahez International Company for Information Systems Technology","6017.SR","656207545","3.21515","Saudi Arabia"
"234","First Watch Restaurant","FWRG","647980608","10.5","United States"
"235","Papa John's Pizza","PZZA","637363904","19.36","United States"
"236","PAR Technology","PAR","611340800","14.78","United States"
"237","Ricegrowers Limited","SGLLV.AX","610451247","8.81533","Australia"
"238","Mama's Creations","MAMA","606316416","12.86","United States"
"239","Unilever Pakistan Foods","UPFL.PK","591424645","92.8463","Pakistan"
"240","Rogers Sugar (Lantic)","RSI.TO","579862801","4.51101","Canada"
"241","Modern Mills for Food Products","2284.SR","568850215","7.02166","Saudi Arabia"
"242","Wellneo Sugar","2117.T","553480822","16.9061","Japan"
"243","Fourth Milling","2286.SR","550917634","1.02022","Saudi Arabia"
"244","Inghams Group","ING.AX","537446154","1.44599","Australia"
"245","Vadilal Industries","VADILALIND.NS","530042086","73.7416","India"
"246","AmRest","EAT.MC","529080742","2.46637","Spain"
"247","S Foods Inc.","2292.T","528245987","16.678","Japan"
"248","Arabian Mills for Food Products","2285.SR","527352248","10.2768","Saudi Arabia"
"249","Kameda Seika","2220.T","508195928","8.03483","Japan"
"250","Krispy Kreme","DNUT","506620000","2.92","United States"
"251","Elior Group","ELIOR.PA","497311846","1.98094","France"
"252","MTY Food Group","MTY.TO","493234937","21.5939","Canada"
"253","Kura Sushi USA","KRUS","485385952","39.95","United States"
"254","Sligro Food","SLIGR.AS","470289927","10.6614","Netherlands"
"255","Calavo Growers","CVGW","466334752","26.09","United States"
"256","Kappa Create","7421.T","461897240","9.35918","Japan"
"257","Vinh Hoan Corporation","VHC.VN","454523040","2.02502","Vietnam"
"258","Dingdong Maicai","DDL","452620224","2.07","China"
"259","El Pollo Loco","LOCO","445233856","14.63","United States"
"260","Ismail Industries","ISIL.PK","436337999","6.57562","Pakistan"
"261","Nathan's Famous","NATH","416482880","101.72","United States"
"262","Bafang Yunji","2753.TW","406333670","5.80665","Taiwan"
"263","Fujiya Co., Ltd.","2211.T","405056894","15.7148","Japan"
"264","Select Harvests Limited","SHV.AX","403969845","2.87456","Australia"
"265","Parag Milk Foods","PARAGMILK.NS","403443469","3.21447","India"
"266","Raisio plc","RAIVV.HE","400892296","2.53363","Finland"
"267","Vital Farms","VITL","396687232","9.24","United States"
"268","HelloFresh","HFG.DE","393432601","2.71413","Germany"
"269","Café de Coral","0341.HK","389868403","0.691356","Hong Kong"
"270","Ice Fish Farm","IFISH.OL","374700423","3.06476","Iceland"
"271","Genki Global Dining Concepts","9828.T","369834742","20.9425","Japan"
"272","Dine Brands Global","DIN","366608960","28.96","United States"
"273","MARR S.p.A.","MARR.MI","364993427","5.8296","Italy"
"274","ATOM Corporation","7412.T","364701304","1.88831","Japan"
"275","Kyokuyo","1301.T","334611551","28.1662","Japan"
"276","Forafric Global PLC","AFRI","330306752","12.25","Gibraltar"
"277","Village Farms International","VFF","328338688","2.685","Canada"
"278","Oatly","OTLY","323803232","10.37","Sweden"
"279","Lifeway Foods","LWAY","321773696","21.3","United States"
"280","What's Cooking Group","WHATS.BR","307328502","165.57","Belgium"
"281","Tanmiah Food Company","2281.SR","306864488","15.3432","Saudi Arabia"
"282","Al-Jouf Agricultural Development","6070.SR","299832177","9.99441","Saudi Arabia"
"283","Canada Packers","CPKR.TO","298645036","10.0323","Canada"
"284","Ajinomoto (Malaysia)","2658.KL","292452399","4.81019","Malaysia"
"285","Rafhan Maize Products Company","RMPL.PK","289325776","31.3245","Pakistan"
"286","Alto Ingredients","ALTO","282737056","3.645","United States"
"287","Toho Co., Ltd.","8142.T","281969959","8.83958","Japan"
"288","High Liner Foods","HLF.TO","281738355","10.0603","Canada"
"289","United Foodbrands Limited","UFBL.NS","277361391","7.09044","India"
"290","Portillo's","PTLO","274845792","3.79","United States"
"291","Bonduelle","BON.PA","274114469","8.58744","France"
"292","Grieg Seafood","GSF.OL","273322489","2.43511","Norway"
"293","Alamar Foods Company","6014.SR","269393457","10.5644","Saudi Arabia"
"294","Halwani Bros","6001.SR","266913885","7.54908","Saudi Arabia"
"295","Oman Flour Mills","OFMI.OM","262044211","1.50909","Oman"
"296","Herfy Food Services Company","6002.SR","242414302","3.7479","Saudi Arabia"
"297","Pizza Pizza","PZA.TO","241901453","7.15589","Canada"
"298","Jack in the Box","JACK","235138592","12.26","United States"
"299","Wawel","WWL.WA","233576355","180.808","Poland"
"300","Al Eid Food Company","ALEID.KW","220168570","704.731","Kuwait"
"301","A'Saffa Foods","SPFI.OM","218181824","1.81818","Oman"
"302","Josef Manner &amp; Comp","MAN.VI","213978259","113.216","Austria"
"303","B&amp;G Foods","BGS","205627440","2.53","United States"
"304","AB Vilkyskiu pienine","VLP1L.VS","204851906","17.1525","Lithuania"
"305","Deoleo","OLE.MC","196188337","0.392377","Spain"
"306","Arnarlax (Icelandic Salmon)","ISLAX.OL","187841013","6.06685","Iceland"
"307","Vidhi Specialty Food","VIDHIING.NS","176911130","3.54212","India"
"308","NoHo Partners","NOHO.HE","173639924","8.25112","Finland"
"309","T&amp;G Global","TGG.NZ","156692555","1.27867","New Zealand"
"310","Red Robin","RRGB","155294320","8.215","United States"
"311","Dhofar Food & Investment SAOG","DFIN.OM","149412951","0.755844","Oman"
"312","Gobarto","GOB.WA","143106001","5.14766","Poland"
"313","Naturhouse Health","NTH.MC","138565019","2.30942","Spain"
"314","Beyond Meat","BYND","131705760","7.66","United States"
"315","Wafrah for Industry and Development Company","2100.SR","127531185","5.50864","Saudi Arabia"
"316","Dhampur Sugar Mills","DHAMPURSUG.NS","124784534","1.94047","India"
"317","Valsoia S.p.A.","VLS.MI","124068168","11.491","Italy"
"318","Arctic Fish Holding","AFISH.OL","123337993","2.74054","Iceland"
"319","Apex Frozen Foods","APEX.NS","108963179","3.48682","India"
"320","Norcod AS","NCOD.OL","107731014","1.35981","Norway"
"321","Foodco National Foodstuff","FNF.AE","107487065","0.38","United Arab Emirates"
"322","Anaam International","4061.SR","101612899","3.22581","Saudi Arabia"
"323","Iceland Seafood International","ICESEA.IC","101292626","0.0330538","Iceland"
"324","Cake Box Holdings","CBOX.L","101205587","2.30013","United Kingdom"
"325","Fleury Michon","ALFLE.PA","100016931","24.2152","France"
"326","United Foods Company","UFC.AE","96369054","3.18575","United Arab Emirates"
"327","ORIOR AG","ORON.SW","95600825","14.6348","Switzerland"
"328","HF Foods Group","HFFG","88964504","1.6","United States"
"329","Groupe Minoteries SA","GMI.SW","88025375","266.744","Switzerland"
"330","Apetit Oyj","APETIT.HE","84759792","13.565","Finland"
"331","Tabuk Agricultural Development Company","6040.SR","81605283","10.6657","Saudi Arabia"
"332","Noodles &amp; Company","NDLS","81504576","13.66","United States"
"333","Widam Food Company","WDAM.QA","75461536","0.419231","Qatar"
"334","Fairwood Holdings","0052.HK","70993258","0.547987","Hong Kong"
"335","Smart Good Things Holding","MLSGT.PA","69706554","3.24751","France"
"336","Omer-Decugis & Cie","ALODC.PA","69679738","8.20628","France"
"337","Development Works Food Company","6013.SR","66167659","22.0559","Saudi Arabia"
"338","Gulf Mushroom Products Company SAOG","GMPI.OM","64725915","1.28571","Oman"
"339","Wakou Shokuhin","2813.T","62450437","25.0296","Japan"
"340","BranchOut Food","BOF","59673124","3.67","United States"
"341","WASGAU Produktions &amp; Handels AG","MSH.F","57713003","8.74439","Germany"
"342","Poulaillon","ALPOU.PA","53432539","10.4542","France"
"343","Unikai Foods","UNIKAI.AE","52985194","1.36416","United Arab Emirates"
"344","GEN Restaurant Group","GENK","52413744","1.59","United States"
"345","Hain Celestial","HAIN","48158404","0.5292","United States"
"346","The ONE Group Hospitality","STKS","47533536","1.5","United States"
"347","TH International (Tims China)","THCH","36842008","1.15","China"
"348","Al Abraaj Restaurants Group","ABRAAJ.BH","35582557","0.530363","Bahrain"
"349","Raydan Food","6012.SR","35515030","4.85602","Saudi Arabia"
"350","Laird Superfood","LSF","34921796","3.12","United States"
"351","Rave Restaurant Group","RAVE","32970834","2.32","United States"
"352","Halloren Schokoladenfabrik","H2RB.HM","29810425","5.04484","Germany"
"353","Al Jazeira Services Co. SAOG","AJSS.OM","28376527","0.662338","Oman"
"354","Local Bounti","LOCL","25719668","1.1","United States"
"355","Borealis Foods","BRLS","25541338","1.19","Canada"
"356","Bahrain Flour Mills Company","BFM.BH","24035702","0.132591","Bahrain"
"357","Proximar Seafood","PROXI.OL","23759414","0.0453968","Norway"
"358","YanGuFang International Group","YGF","23462400","0.7332","China"
"359","Milkfood Limited","MLKFOOD.BO","22191292","0.866977","India"
"360","Bahrain Family Leisure Company","FAMILY.BH","20204318","0.967913","Bahrain"
"361","Real Good Food plc","RGF","19309624","1.25","United Kingdom"
"362","National Biscuit Industries","NBII.OM","15327273","15.3273","Oman"
"363","DDC Enterprise","DDC","11271622","0.1983","Hong Kong"
"364","Sláturfélags Suðurlands","SFS-B.IC","11016720","0.020649","Iceland"
"365","Rocky Mountain Chocolate Factory","RMCF","9628379","1.02","United States"
"366","Omani Euro Food Industries","OEFI.OM","5194805","2.5974","Oman"
"367","Farmmi","FAMI","4769595","0.1274","China"
"368","AquaBounty Technologies","AQB","4753443","0.9235","United States"
"369","Veganz Group","VEZ.DE","3771842","1.62556","Germany"
"370","Moolec Science","MLEC","3492627","4.81","Luxembourg"
"371","Atlantic Sapphire","ASA.OL","2890756","0.0806257","Norway"
"372","Edible Garden","EDBL","2224720","1.14","United States"
"373","Davis Commodities","DTCK","1368533","1","Singapore"
"374","Stryve Foods","SNAX","4792","0.0011","United States"
"375","X5 Retail Group","FIVE.ME","0","32.42","Netherlands"
